-- ============================================================
-- 금융 소비 패턴 분석 웹 시스템 — 샘플 데이터
-- schema.sql 적용 후 실행
-- 데모 비밀번호: 123 (bcrypt)
-- ============================================================

USE railway;

SET @pwd_hash = '$2a$10$G.Rt7OZTtM6Dua8GHZYoQuWISNU7Al6OQgefCgcNh.uQRAyamvFi6';

-- ------------------------------------------------------------
-- 코드 테이블 (FR-15)
-- ------------------------------------------------------------

INSERT INTO sex_code (sex_code, sex_name) VALUES
('M', '남성'),
('F', '여성');

INSERT INTO age_group (age_code, age_range) VALUES
('10', '10-19'),
('20', '20-29'),
('30', '30-39'),
('40', '40-49'),
('50', '50+');

INSERT INTO day_of_week (day_code, day_name) VALUES
('1', '월'), ('2', '화'), ('3', '수'), ('4', '목'),
('5', '금'), ('6', '토'), ('7', '일');

INSERT INTO hour_band (hour_code, hour_range, hour_start, hour_end) VALUES
('00', '0-5시',   0,  5),
('06', '6-11시',  6, 11),
('12', '12-17시', 12, 17),
('18', '18-23시', 18, 23);

INSERT INTO industry_l1 (ind_l1_id, ind_l1_name) VALUES
(1, '식비·생활편의'),
(2, '쇼핑·패션·뷰티'),
(3, '교통·자동차'),
(4, '주거·청구'),
(5, '문화·여가'),
(6, '건강·의료'),
(7, '여행'),
(8, '기타');

INSERT INTO industry_l2 (ind_l2_id, ind_l1_id, ind_l2_name) VALUES
(1,  1, '음식'),
(2,  1, '배달'),
(3,  1, '커피/디저트'),
(4,  1, '편의점'),
(5,  1, '마트/식료품'),
(6,  2, '패션'),
(7,  2, '쇼핑'),
(8,  2, '뷰티'),
(9,  3, '교통'),
(10, 3, '자동차'),
(11, 4, '통신'),
(12, 4, '공과금'),
(13, 5, '영화'),
(14, 5, '게임'),
(15, 5, '문화/여가'),
(16, 6, '병원/의료'),
(17, 6, '약국'),
(18, 7, '여행/숙박'),
(19, 8, '기타');

-- 카드 혜택 추천 기준 (FR-13)
INSERT INTO card_benefit (benefit_id, card_name, target_type, ind_l1_id, ind_l2_id, category_label, benefit_desc) VALUES
(1, '맛있는 식음료 카드', 'L1', 1, NULL, '식비·생활편의', '외식·카페·배달 업종 10% 할인'),
(2, '카페 데이 카드', 'L2', 1, 3, '커피/디저트', '카페·디저트 전용 15% 캐시백'),
(3, '배달킹 카드', 'L2', 1, 2, '배달', '배달앱 12% 즉시할인'),
(4, '쇼핑 적립 카드', 'L1', 2, NULL, '쇼핑·패션·뷰티', '백화점·온라인몰 7% 포인트 적립'),
(5, '교통 패스 카드', 'L1', 3, NULL, '교통·자동차', '대중교통·주유 10% 환급'),
(6, '올라운드 캐시백 카드', 'GENERAL', NULL, NULL, '전체 업종', '모든 가맹점 1.5% 캐시백');

-- 또래 평균 (FR-10) — 연령대 × 업종(대) × 카테고리(중)
INSERT INTO age_industry_pref (age_code, ind_l1_id, ind_l2_id, avg_amount, preference_score) VALUES
('20', 1, 1,  85000,  0.12),
('20', 1, 2, 120000,  0.18),
('20', 1, 3,  95000,  0.15),
('20', 1, 4,  45000,  0.08),
('20', 2, 6, 110000,  0.14),
('20', 2, 7, 130000,  0.16),
('20', 3, 9,  55000,  0.09),
('20', 5, 13,  40000,  0.05),
('30', 1, 1, 120000,  0.10),
('30', 1, 5, 150000,  0.15),
('30', 3, 9,  80000,  0.11),
('30', 4, 12, 200000,  0.20);

-- ------------------------------------------------------------
-- 사용자 (FR-01, FR-02, FR-14)
-- ------------------------------------------------------------

INSERT INTO users (user_id, email, password, username, phone, role, is_active) VALUES
(1, 'demo@example.com',    @pwd_hash, '데모사용자', '010-1000-0001', 'USER',    1),
(2, 'analyst@example.com', @pwd_hash, '분석가',     '010-2000-0002', 'ANALYST', 1),
(3, 'admin@example.com',   @pwd_hash, '관리자',     '010-3000-0003', 'ADMIN',   1);

INSERT INTO user_detail (user_id, age_code, sex_code, region_code) VALUES
(1, '20', 'F', '11'),
(2, '30', 'M', '26'),
(3, '40', 'M', '11');

-- ------------------------------------------------------------
-- 소비 내역 (FR-04 ~ FR-07)
-- user_id=1, 2026년 5월·6월 샘플
-- ------------------------------------------------------------

INSERT INTO card_consumption
  (consumption_id, user_id, ta_ymd, day_code, hour_code, age_code, sex_code,
   ind_l1_id, ind_l2_id, amount, count)
VALUES
-- 2026-05 (전월 — FR-11 비교용)
( 1, 1, '2026-05-03', '7', '12', '20', 'F', 1, 2,  18500, 1),
( 2, 1, '2026-05-08', '5', '18', '20', 'F', 1, 3,   5500, 1),
( 3, 1, '2026-05-12', '2', '12', '20', 'F', 2, 7,  45000, 1),
( 4, 1, '2026-05-15', '5', '12', '20', 'F', 1, 1,  32000, 1),
( 5, 1, '2026-05-20', '3', '18', '20', 'F', 1, 5, 125000, 1),
-- 2026-06 (당월)
( 6, 1, '2026-06-03', '3', '12', '20', 'F', 1, 2,  18500, 1),
( 7, 1, '2026-06-05', '5', '06', '20', 'F', 1, 3,   5500, 1),
( 8, 1, '2026-06-08', '1', '12', '20', 'F', 1, 4,   9200, 1),
( 9, 1, '2026-06-10', '3', '18', '20', 'F', 2, 7,  45000, 1),
(10, 1, '2026-06-12', '5', '12', '20', 'F', 3, 9,   1370, 1),
(11, 1, '2026-06-15', '1', '12', '20', 'F', 1, 1,  32000, 1),
(12, 1, '2026-06-18', '4', '18', '20', 'F', 5, 13, 15000, 1),
(13, 1, '2026-06-20', '6', '12', '20', 'F', 1, 2,  22000, 1),
(14, 1, '2026-06-22', '1', '18', '20', 'F', 2, 6,  89000, 1),
(15, 1, '2026-06-25', '4', '06', '20', 'F', 1, 3,   6800, 1),
-- 이상 소비 후보: 배달 평균(120000) 대비 3배 이상 (FR-12)
(16, 1, '2026-06-28', '7', '18', '20', 'F', 1, 2, 380000, 1);

-- ------------------------------------------------------------
-- 월간 리포트 (FR-08, FR-09, FR-11)
-- 5월 합계: 229000 / 6월 합계: 244370
-- 증감률 = (244370 - 229000) / 229000 * 100 ≈ 6.71%
-- ------------------------------------------------------------

INSERT INTO monthly_report (report_id, user_id, yyyymm, total_amount, previous_month_rate) VALUES
(1, 1, '202605', 229000, NULL),
(2, 1, '202606', 244370, 6.71);

-- ------------------------------------------------------------
-- 이상 소비 기록 (FR-12) — consumption_id=16, 평균 120000 대비 316.67%
-- ------------------------------------------------------------

INSERT INTO anomaly_record (anomaly_id, user_id, consumption_id, compare_rate, reason) VALUES
(1, 1, 16, 316.67, '배달 카테고리 또래 평균(120,000원) 대비 3배 이상 소비 발생');

-- ------------------------------------------------------------
-- 접근 로그 (FR-16)
-- ------------------------------------------------------------

INSERT INTO access_log (log_id, user_id, action, ip_address, user_agent, status, detail) VALUES
(1, 1, 'LOGIN',        '127.0.0.1', 'Mozilla/5.0', 'SUCCESS', 'demo@example.com 로그인'),
(2, 1, 'VIEW_REPORT',  '127.0.0.1', 'Mozilla/5.0', 'SUCCESS', '월간 리포트 조회 202606'),
(3, 1, 'CREATE_TX',    '127.0.0.1', 'Mozilla/5.0', 'SUCCESS', '소비 내역 등록 consumption_id=16'),
(4, 2, 'LOGIN',        '192.168.0.10', 'Mozilla/5.0', 'SUCCESS', 'analyst@example.com 로그인'),
(5, 3, 'LOGIN',        '10.0.0.5', 'Mozilla/5.0', 'SUCCESS', 'admin@example.com 로그인'),
(6, 3, 'MANAGE_CODE',  '10.0.0.5', 'Mozilla/5.0', 'SUCCESS', 'age_group 코드 조회'),
(7, NULL, 'LOGIN',     '203.0.113.1', 'curl/8.0', 'FAIL', '존재하지 않는 이메일 로그인 시도');
